From_Version,To_Version,File,Lines_Added,Lines_Removed,Major_Change
v1.0.91-dup,1.0.0,src/main/java/com/carrpod/bounce/MainActivity.java,23,1278,YES
v1.0.91-dup,1.0.0,src/main/assets/bounce.html,152,618,YES
v1.0.91-dup,1.0.0,build.sh,15,11,NO
v1.0.91-dup,1.0.0,src/main/AndroidManifest.xml,3,21,NO
1.0.0,1.0.1,src/main/java/com/carrpod/bounce/MainActivity.java,3,2,NO
1.0.0,1.0.1,src/main/assets/bounce.html,30,2,NO
1.0.0,1.0.1,build.sh,3,2,NO
1.0.0,1.0.1,src/main/AndroidManifest.xml,0,0,NO
1.0.1,1.0.2,src/main/java/com/carrpod/bounce/MainActivity.java,2,1,NO
1.0.1,1.0.2,src/main/assets/bounce.html,117,146,YES
1.0.1,1.0.2,build.sh,3,2,NO
1.0.1,1.0.2,src/main/AndroidManifest.xml,0,0,NO
1.0.2,1.0.3,src/main/java/com/carrpod/bounce/MainActivity.java,161,6,YES
1.0.2,1.0.3,src/main/assets/bounce.html,38,6,NO
1.0.2,1.0.3,build.sh,3,2,NO
1.0.2,1.0.3,src/main/AndroidManifest.xml,6,0,NO
1.0.3,1.0.4,src/main/java/com/carrpod/bounce/MainActivity.java,83,50,YES
1.0.3,1.0.4,src/main/assets/bounce.html,18,37,NO
1.0.3,1.0.4,build.sh,3,2,NO
1.0.3,1.0.4,src/main/AndroidManifest.xml,0,0,NO
1.0.4,1.0.5,src/main/java/com/carrpod/bounce/MainActivity.java,82,14,YES
1.0.4,1.0.5,src/main/assets/bounce.html,18,5,NO
1.0.4,1.0.5,build.sh,3,2,NO
1.0.4,1.0.5,src/main/AndroidManifest.xml,3,0,NO
1.0.5,1.0.6,src/main/java/com/carrpod/bounce/MainActivity.java,13,3,NO
1.0.5,1.0.6,src/main/assets/bounce.html,50,5,NO
1.0.5,1.0.6,build.sh,3,2,NO
1.0.5,1.0.6,src/main/AndroidManifest.xml,0,0,NO
1.0.6,1.0.7,src/main/java/com/carrpod/bounce/MainActivity.java,0,0,NO
1.0.6,1.0.7,src/main/assets/bounce.html,2,1,NO
1.0.6,1.0.7,build.sh,3,2,NO
1.0.6,1.0.7,src/main/AndroidManifest.xml,0,0,NO
1.0.7,1.0.8,src/main/java/com/carrpod/bounce/MainActivity.java,0,0,NO
1.0.7,1.0.8,src/main/assets/bounce.html,19,3,NO
1.0.7,1.0.8,build.sh,3,2,NO
1.0.7,1.0.8,src/main/AndroidManifest.xml,0,0,NO
1.0.8,1.0.9,src/main/java/com/carrpod/bounce/MainActivity.java,12,3,NO
1.0.8,1.0.9,src/main/assets/bounce.html,21,2,NO
1.0.8,1.0.9,build.sh,3,2,NO
1.0.8,1.0.9,src/main/AndroidManifest.xml,0,0,NO
1.0.9,1.0.10,src/main/java/com/carrpod/bounce/MainActivity.java,4,11,NO
1.0.9,1.0.10,src/main/assets/bounce.html,7,13,NO
1.0.9,1.0.10,build.sh,3,2,NO
1.0.9,1.0.10,src/main/AndroidManifest.xml,0,0,NO
1.0.10,1.0.11,src/main/java/com/carrpod/bounce/MainActivity.java,2,1,NO
1.0.10,1.0.11,src/main/assets/bounce.html,6,2,NO
1.0.10,1.0.11,build.sh,3,2,NO
1.0.10,1.0.11,src/main/AndroidManifest.xml,0,0,NO
1.0.11,1.0.12,src/main/java/com/carrpod/bounce/MainActivity.java,2,1,NO
1.0.11,1.0.12,src/main/assets/bounce.html,11,4,NO
1.0.11,1.0.12,build.sh,3,2,NO
1.0.11,1.0.12,src/main/AndroidManifest.xml,0,0,NO
1.0.12,1.0.13,src/main/java/com/carrpod/bounce/MainActivity.java,51,28,YES
1.0.12,1.0.13,src/main/assets/bounce.html,0,0,NO
1.0.12,1.0.13,build.sh,3,2,NO
1.0.12,1.0.13,src/main/AndroidManifest.xml,0,0,NO
1.0.13,1.0.14,src/main/java/com/carrpod/bounce/MainActivity.java,24,17,NO
1.0.13,1.0.14,src/main/assets/bounce.html,0,0,NO
1.0.13,1.0.14,build.sh,3,2,NO
1.0.13,1.0.14,src/main/AndroidManifest.xml,0,0,NO
1.0.14,1.0.15,src/main/java/com/carrpod/bounce/MainActivity.java,54,22,YES
1.0.14,1.0.15,src/main/assets/bounce.html,0,0,NO
1.0.14,1.0.15,build.sh,3,2,NO
1.0.14,1.0.15,src/main/AndroidManifest.xml,0,0,NO
1.0.15,1.0.16,src/main/java/com/carrpod/bounce/MainActivity.java,31,12,NO
1.0.15,1.0.16,src/main/assets/bounce.html,11,8,NO
1.0.15,1.0.16,build.sh,3,2,NO
1.0.15,1.0.16,src/main/AndroidManifest.xml,0,0,NO
1.0.16,1.0.17,src/main/java/com/carrpod/bounce/MainActivity.java,73,52,YES
1.0.16,1.0.17,src/main/assets/bounce.html,14,0,NO
1.0.16,1.0.17,build.sh,3,2,NO
1.0.16,1.0.17,src/main/AndroidManifest.xml,0,0,NO
1.0.17,1.0.18,src/main/java/com/carrpod/bounce/MainActivity.java,111,38,YES
1.0.17,1.0.18,src/main/assets/bounce.html,0,0,NO
1.0.17,1.0.18,build.sh,3,2,NO
1.0.17,1.0.18,src/main/AndroidManifest.xml,0,0,NO
1.0.18,1.0.19,src/main/java/com/carrpod/bounce/MainActivity.java,2,1,NO
1.0.18,1.0.19,src/main/assets/bounce.html,1,9,NO
1.0.18,1.0.19,build.sh,3,2,NO
1.0.18,1.0.19,src/main/AndroidManifest.xml,0,0,NO
1.0.19,1.0.20,src/main/java/com/carrpod/bounce/MainActivity.java,2,1,NO
1.0.19,1.0.20,src/main/assets/bounce.html,21,4,NO
1.0.19,1.0.20,build.sh,3,2,NO
1.0.19,1.0.20,src/main/AndroidManifest.xml,0,0,NO
1.0.20,1.0.21,src/main/java/com/carrpod/bounce/MainActivity.java,3,2,NO
1.0.20,1.0.21,src/main/assets/bounce.html,27,5,NO
1.0.20,1.0.21,build.sh,3,2,NO
1.0.20,1.0.21,src/main/AndroidManifest.xml,0,0,NO
1.0.21,1.0.22,src/main/java/com/carrpod/bounce/MainActivity.java,2,1,NO
1.0.21,1.0.22,src/main/assets/bounce.html,15,8,NO
1.0.21,1.0.22,build.sh,3,2,NO
1.0.21,1.0.22,src/main/AndroidManifest.xml,0,0,NO
1.0.22,1.0.23,src/main/java/com/carrpod/bounce/MainActivity.java,4,1,NO
1.0.22,1.0.23,src/main/assets/bounce.html,5,5,NO
1.0.22,1.0.23,build.sh,3,2,NO
1.0.22,1.0.23,src/main/AndroidManifest.xml,0,0,NO
1.0.23,1.0.24,src/main/java/com/carrpod/bounce/MainActivity.java,2,1,NO
1.0.23,1.0.24,src/main/assets/bounce.html,10,3,NO
1.0.23,1.0.24,build.sh,3,2,NO
1.0.23,1.0.24,src/main/AndroidManifest.xml,0,0,NO
1.0.24,1.0.25,src/main/java/com/carrpod/bounce/MainActivity.java,48,1,NO
1.0.24,1.0.25,src/main/assets/bounce.html,11,5,NO
1.0.24,1.0.25,build.sh,3,2,NO
1.0.24,1.0.25,src/main/AndroidManifest.xml,0,0,NO
1.0.25,1.0.26,src/main/java/com/carrpod/bounce/MainActivity.java,2,1,NO
1.0.25,1.0.26,src/main/assets/bounce.html,16,10,NO
1.0.25,1.0.26,build.sh,3,2,NO
1.0.25,1.0.26,src/main/AndroidManifest.xml,0,0,NO
1.0.26,1.0.27,src/main/java/com/carrpod/bounce/MainActivity.java,2,1,NO
1.0.26,1.0.27,src/main/assets/bounce.html,6,4,NO
1.0.26,1.0.27,build.sh,3,2,NO
1.0.26,1.0.27,src/main/AndroidManifest.xml,0,0,NO
1.0.27,1.0.28,src/main/java/com/carrpod/bounce/MainActivity.java,10,1,NO
1.0.27,1.0.28,src/main/assets/bounce.html,10,4,NO
1.0.27,1.0.28,build.sh,3,2,NO
1.0.27,1.0.28,src/main/AndroidManifest.xml,0,0,NO
1.0.28,1.0.29,src/main/java/com/carrpod/bounce/MainActivity.java,2,1,NO
1.0.28,1.0.29,src/main/assets/bounce.html,7,8,NO
1.0.28,1.0.29,build.sh,3,2,NO
1.0.28,1.0.29,src/main/AndroidManifest.xml,0,0,NO
1.0.29,1.0.30,src/main/java/com/carrpod/bounce/MainActivity.java,2,1,NO
1.0.29,1.0.30,src/main/assets/bounce.html,17,6,NO
1.0.29,1.0.30,build.sh,3,2,NO
1.0.29,1.0.30,src/main/AndroidManifest.xml,0,0,NO
1.0.30,1.0.31,src/main/java/com/carrpod/bounce/MainActivity.java,4,3,NO
1.0.30,1.0.31,src/main/assets/bounce.html,2,1,NO
1.0.30,1.0.31,build.sh,3,2,NO
1.0.30,1.0.31,src/main/AndroidManifest.xml,0,0,NO
1.0.31,1.0.32,src/main/java/com/carrpod/bounce/MainActivity.java,45,42,NO
1.0.31,1.0.32,src/main/assets/bounce.html,0,0,NO
1.0.31,1.0.32,build.sh,3,2,NO
1.0.31,1.0.32,src/main/AndroidManifest.xml,0,0,NO
1.0.32,1.0.33,src/main/java/com/carrpod/bounce/MainActivity.java,0,0,NO
1.0.32,1.0.33,src/main/assets/bounce.html,17,0,NO
1.0.32,1.0.33,build.sh,3,2,NO
1.0.32,1.0.33,src/main/AndroidManifest.xml,0,0,NO
1.0.33,1.0.34,src/main/java/com/carrpod/bounce/MainActivity.java,0,0,NO
1.0.33,1.0.34,src/main/assets/bounce.html,8,5,NO
1.0.33,1.0.34,build.sh,3,2,NO
1.0.33,1.0.34,src/main/AndroidManifest.xml,0,0,NO
1.0.34,1.0.35,src/main/java/com/carrpod/bounce/MainActivity.java,0,0,NO
1.0.34,1.0.35,src/main/assets/bounce.html,4,39,NO
1.0.34,1.0.35,build.sh,3,2,NO
1.0.34,1.0.35,src/main/AndroidManifest.xml,0,0,NO
1.0.35,1.0.36,src/main/java/com/carrpod/bounce/MainActivity.java,0,0,NO
1.0.35,1.0.36,src/main/assets/bounce.html,14,0,NO
1.0.35,1.0.36,build.sh,3,2,NO
1.0.35,1.0.36,src/main/AndroidManifest.xml,0,0,NO
1.0.36,1.0.37,src/main/java/com/carrpod/bounce/MainActivity.java,0,0,NO
1.0.36,1.0.37,src/main/assets/bounce.html,10,16,NO
1.0.36,1.0.37,build.sh,3,2,NO
1.0.36,1.0.37,src/main/AndroidManifest.xml,0,0,NO
1.0.37,1.0.38,src/main/java/com/carrpod/bounce/MainActivity.java,0,0,NO
1.0.37,1.0.38,src/main/assets/bounce.html,17,4,NO
1.0.37,1.0.38,build.sh,3,2,NO
1.0.37,1.0.38,src/main/AndroidManifest.xml,0,0,NO
1.0.38,1.0.39,src/main/java/com/carrpod/bounce/MainActivity.java,2,0,NO
1.0.38,1.0.39,src/main/assets/bounce.html,0,0,NO
1.0.38,1.0.39,build.sh,3,2,NO
1.0.38,1.0.39,src/main/AndroidManifest.xml,0,0,NO
1.0.39,1.0.40,src/main/java/com/carrpod/bounce/MainActivity.java,13,3,NO
1.0.39,1.0.40,src/main/assets/bounce.html,8,3,NO
1.0.39,1.0.40,build.sh,3,2,NO
1.0.39,1.0.40,src/main/AndroidManifest.xml,0,0,NO
1.0.40,1.0.41,src/main/java/com/carrpod/bounce/MainActivity.java,0,0,NO
1.0.40,1.0.41,src/main/assets/bounce.html,8,11,NO
1.0.40,1.0.41,build.sh,3,2,NO
1.0.40,1.0.41,src/main/AndroidManifest.xml,0,0,NO
1.0.41,1.0.42,src/main/java/com/carrpod/bounce/MainActivity.java,2,0,NO
1.0.41,1.0.42,src/main/assets/bounce.html,0,0,NO
1.0.41,1.0.42,build.sh,3,2,NO
1.0.41,1.0.42,src/main/AndroidManifest.xml,4,1,NO
1.0.42,1.0.43,src/main/java/com/carrpod/bounce/MainActivity.java,19,12,NO
1.0.42,1.0.43,src/main/assets/bounce.html,0,0,NO
1.0.42,1.0.43,build.sh,3,2,NO
1.0.42,1.0.43,src/main/AndroidManifest.xml,0,0,NO
1.0.43,1.0.44,src/main/java/com/carrpod/bounce/MainActivity.java,15,13,NO
1.0.43,1.0.44,src/main/assets/bounce.html,0,0,NO
1.0.43,1.0.44,build.sh,3,2,NO
1.0.43,1.0.44,src/main/AndroidManifest.xml,0,0,NO
1.0.44,1.0.45,src/main/java/com/carrpod/bounce/MainActivity.java,14,18,NO
1.0.44,1.0.45,src/main/assets/bounce.html,0,0,NO
1.0.44,1.0.45,build.sh,3,2,NO
1.0.44,1.0.45,src/main/AndroidManifest.xml,0,0,NO
1.0.45,1.0.46,src/main/java/com/carrpod/bounce/MainActivity.java,8,9,NO
1.0.45,1.0.46,src/main/assets/bounce.html,0,0,NO
1.0.45,1.0.46,build.sh,3,2,NO
1.0.45,1.0.46,src/main/AndroidManifest.xml,0,0,NO
1.0.46,1.0.47,src/main/java/com/carrpod/bounce/MainActivity.java,12,7,NO
1.0.46,1.0.47,src/main/assets/bounce.html,0,0,NO
1.0.46,1.0.47,build.sh,3,2,NO
1.0.46,1.0.47,src/main/AndroidManifest.xml,0,0,NO
1.0.47,1.0.48,src/main/java/com/carrpod/bounce/MainActivity.java,54,6,YES
1.0.47,1.0.48,src/main/assets/bounce.html,26,0,NO
1.0.47,1.0.48,build.sh,3,2,NO
1.0.47,1.0.48,src/main/AndroidManifest.xml,6,0,NO
1.0.48,1.0.49,src/main/java/com/carrpod/bounce/MainActivity.java,2,1,NO
1.0.48,1.0.49,src/main/assets/bounce.html,48,3,NO
1.0.48,1.0.49,build.sh,3,2,NO
1.0.48,1.0.49,src/main/AndroidManifest.xml,0,0,NO
1.0.49,1.0.50,src/main/java/com/carrpod/bounce/MainActivity.java,0,0,NO
1.0.49,1.0.50,src/main/assets/bounce.html,11,6,NO
1.0.49,1.0.50,build.sh,3,2,NO
1.0.49,1.0.50,src/main/AndroidManifest.xml,0,0,NO
1.0.50,1.0.51,src/main/java/com/carrpod/bounce/MainActivity.java,2,1,NO
1.0.50,1.0.51,src/main/assets/bounce.html,20,48,NO
1.0.50,1.0.51,build.sh,3,2,NO
1.0.50,1.0.51,src/main/AndroidManifest.xml,0,0,NO
1.0.51,1.0.52,src/main/java/com/carrpod/bounce/MainActivity.java,5,4,NO
1.0.51,1.0.52,src/main/assets/bounce.html,3,1,NO
1.0.51,1.0.52,build.sh,3,2,NO
1.0.51,1.0.52,src/main/AndroidManifest.xml,0,0,NO
1.0.52,1.0.53,src/main/java/com/carrpod/bounce/MainActivity.java,0,0,NO
1.0.52,1.0.53,src/main/assets/bounce.html,3,2,NO
1.0.52,1.0.53,build.sh,3,2,NO
1.0.52,1.0.53,src/main/AndroidManifest.xml,0,0,NO
1.0.53,1.0.54,src/main/java/com/carrpod/bounce/MainActivity.java,0,0,NO
1.0.53,1.0.54,src/main/assets/bounce.html,10,5,NO
1.0.53,1.0.54,build.sh,3,2,NO
1.0.53,1.0.54,src/main/AndroidManifest.xml,0,0,NO
1.0.54,1.0.55,src/main/java/com/carrpod/bounce/MainActivity.java,2,1,NO
1.0.54,1.0.55,src/main/assets/bounce.html,51,30,YES
1.0.54,1.0.55,build.sh,3,2,NO
1.0.54,1.0.55,src/main/AndroidManifest.xml,0,0,NO
1.0.55,1.0.56,src/main/java/com/carrpod/bounce/MainActivity.java,0,0,NO
1.0.55,1.0.56,src/main/assets/bounce.html,9,4,NO
1.0.55,1.0.56,build.sh,3,2,NO
1.0.55,1.0.56,src/main/AndroidManifest.xml,0,0,NO
1.0.56,1.0.57,src/main/java/com/carrpod/bounce/MainActivity.java,0,0,NO
1.0.56,1.0.57,src/main/assets/bounce.html,11,4,NO
1.0.56,1.0.57,build.sh,3,2,NO
1.0.56,1.0.57,src/main/AndroidManifest.xml,0,0,NO
1.0.57,1.0.58,src/main/java/com/carrpod/bounce/MainActivity.java,0,0,NO
1.0.57,1.0.58,src/main/assets/bounce.html,2,1,NO
1.0.57,1.0.58,build.sh,3,2,NO
1.0.57,1.0.58,src/main/AndroidManifest.xml,0,0,NO
1.0.58,1.0.59,src/main/java/com/carrpod/bounce/MainActivity.java,0,0,NO
1.0.58,1.0.59,src/main/assets/bounce.html,6,5,NO
1.0.58,1.0.59,build.sh,3,2,NO
1.0.58,1.0.59,src/main/AndroidManifest.xml,0,0,NO
1.0.59,1.0.60,src/main/java/com/carrpod/bounce/MainActivity.java,0,0,NO
1.0.59,1.0.60,src/main/assets/bounce.html,9,13,NO
1.0.59,1.0.60,build.sh,3,2,NO
1.0.59,1.0.60,src/main/AndroidManifest.xml,0,0,NO
1.0.60,1.0.61,src/main/java/com/carrpod/bounce/MainActivity.java,0,0,NO
1.0.60,1.0.61,src/main/assets/bounce.html,7,6,NO
1.0.60,1.0.61,build.sh,3,2,NO
1.0.60,1.0.61,src/main/AndroidManifest.xml,0,0,NO
1.0.61,1.0.62,src/main/java/com/carrpod/bounce/MainActivity.java,0,0,NO
1.0.61,1.0.62,src/main/assets/bounce.html,4,2,NO
1.0.61,1.0.62,build.sh,3,2,NO
1.0.61,1.0.62,src/main/AndroidManifest.xml,0,0,NO
1.0.62,1.0.63,src/main/java/com/carrpod/bounce/MainActivity.java,8,0,NO
1.0.62,1.0.63,src/main/assets/bounce.html,0,0,NO
1.0.62,1.0.63,build.sh,3,2,NO
1.0.62,1.0.63,src/main/AndroidManifest.xml,2,0,NO
1.0.63,1.0.64,src/main/java/com/carrpod/bounce/MainActivity.java,0,0,NO
1.0.63,1.0.64,src/main/assets/bounce.html,8,3,NO
1.0.63,1.0.64,build.sh,3,2,NO
1.0.63,1.0.64,src/main/AndroidManifest.xml,0,0,NO
1.0.64,1.0.65,src/main/java/com/carrpod/bounce/MainActivity.java,19,4,NO
1.0.64,1.0.65,src/main/assets/bounce.html,0,0,NO
1.0.64,1.0.65,build.sh,3,2,NO
1.0.64,1.0.65,src/main/AndroidManifest.xml,0,0,NO
1.0.65,1.0.66,src/main/java/com/carrpod/bounce/MainActivity.java,0,0,NO
1.0.65,1.0.66,src/main/assets/bounce.html,0,0,NO
1.0.65,1.0.66,build.sh,3,2,NO
1.0.65,1.0.66,src/main/AndroidManifest.xml,0,0,NO
1.0.66,1.0.67,src/main/java/com/carrpod/bounce/MainActivity.java,1,13,NO
1.0.66,1.0.67,src/main/assets/bounce.html,0,0,NO
1.0.66,1.0.67,build.sh,3,2,NO
1.0.66,1.0.67,src/main/AndroidManifest.xml,0,0,NO
1.0.67,1.0.68,src/main/java/com/carrpod/bounce/MainActivity.java,4,0,NO
1.0.67,1.0.68,src/main/assets/bounce.html,0,0,NO
1.0.67,1.0.68,build.sh,3,2,NO
1.0.67,1.0.68,src/main/AndroidManifest.xml,0,0,NO
1.0.68,1.0.69,src/main/java/com/carrpod/bounce/MainActivity.java,5,8,NO
1.0.68,1.0.69,src/main/assets/bounce.html,4,7,NO
1.0.68,1.0.69,build.sh,3,2,NO
1.0.68,1.0.69,src/main/AndroidManifest.xml,0,0,NO
1.0.69,1.0.70,src/main/java/com/carrpod/bounce/MainActivity.java,2,2,NO
1.0.69,1.0.70,src/main/assets/bounce.html,0,0,NO
1.0.69,1.0.70,build.sh,3,2,NO
1.0.69,1.0.70,src/main/AndroidManifest.xml,0,0,NO
1.0.70,1.0.71,src/main/java/com/carrpod/bounce/MainActivity.java,3,1,NO
1.0.70,1.0.71,src/main/assets/bounce.html,8,3,NO
1.0.70,1.0.71,build.sh,3,2,NO
1.0.70,1.0.71,src/main/AndroidManifest.xml,0,0,NO
1.0.71,1.0.72,src/main/java/com/carrpod/bounce/MainActivity.java,0,0,NO
1.0.71,1.0.72,src/main/assets/bounce.html,27,0,NO
1.0.71,1.0.72,build.sh,3,2,NO
1.0.71,1.0.72,src/main/AndroidManifest.xml,0,0,NO
1.0.72,1.0.73,src/main/java/com/carrpod/bounce/MainActivity.java,0,0,NO
1.0.72,1.0.73,src/main/assets/bounce.html,7,8,NO
1.0.72,1.0.73,build.sh,3,2,NO
1.0.72,1.0.73,src/main/AndroidManifest.xml,0,0,NO
1.0.73,1.0.74,src/main/java/com/carrpod/bounce/MainActivity.java,0,0,NO
1.0.73,1.0.74,src/main/assets/bounce.html,3,2,NO
1.0.73,1.0.74,build.sh,3,2,NO
1.0.73,1.0.74,src/main/AndroidManifest.xml,0,0,NO
1.0.74,1.0.75,src/main/java/com/carrpod/bounce/MainActivity.java,0,0,NO
1.0.74,1.0.75,src/main/assets/bounce.html,11,6,NO
1.0.74,1.0.75,build.sh,3,2,NO
1.0.74,1.0.75,src/main/AndroidManifest.xml,0,0,NO
1.0.75,1.0.76,src/main/java/com/carrpod/bounce/MainActivity.java,0,0,NO
1.0.75,1.0.76,src/main/assets/bounce.html,3,2,NO
1.0.75,1.0.76,build.sh,3,2,NO
1.0.75,1.0.76,src/main/AndroidManifest.xml,0,0,NO
1.0.76,1.0.77,src/main/java/com/carrpod/bounce/MainActivity.java,73,11,YES
1.0.76,1.0.77,src/main/assets/bounce.html,22,3,NO
1.0.76,1.0.77,build.sh,5,3,NO
1.0.76,1.0.77,src/main/AndroidManifest.xml,3,0,NO
1.0.77,1.0.78,src/main/java/com/carrpod/bounce/MainActivity.java,4,3,NO
1.0.77,1.0.78,src/main/assets/bounce.html,34,15,NO
1.0.77,1.0.78,build.sh,5,4,NO
1.0.77,1.0.78,src/main/AndroidManifest.xml,0,0,NO
1.0.78,1.0.79,src/main/java/com/carrpod/bounce/MainActivity.java,232,5,YES
1.0.78,1.0.79,src/main/assets/bounce.html,12,8,NO
1.0.78,1.0.79,build.sh,3,2,NO
1.0.78,1.0.79,src/main/AndroidManifest.xml,0,0,NO
1.0.79,1.0.80,src/main/java/com/carrpod/bounce/MainActivity.java,0,0,NO
1.0.79,1.0.80,src/main/assets/bounce.html,0,0,NO
1.0.79,1.0.80,build.sh,7,6,NO
1.0.79,1.0.80,src/main/AndroidManifest.xml,4,1,NO
1.0.80,1.0.81,src/main/AndroidManifest.xml,21,3,NO
1.0.81,1.0.82,src/main/AndroidManifest.xml,3,2,NO
1.0.82,1.0.83,src/main/java/com/carrpod/bounce/MainActivity.java,0,0,NO
1.0.82,1.0.83,build.sh,6,5,NO
1.0.82,1.0.83,src/main/AndroidManifest.xml,3,2,NO
1.0.83,1.0.84,src/main/java/com/carrpod/bounce/MainActivity.java,3,0,NO
1.0.83,1.0.84,build.sh,6,5,NO
1.0.83,1.0.84,src/main/AndroidManifest.xml,3,4,NO
1.0.84,1.0.85,src/main/java/com/carrpod/bounce/MainActivity.java,0,0,NO
1.0.84,1.0.85,src/main/assets/bounce.html,2,33,NO
1.0.84,1.0.85,build.sh,5,4,NO
1.0.84,1.0.85,src/main/AndroidManifest.xml,3,17,NO
1.0.85,1.0.86,src/main/java/com/carrpod/bounce/MainActivity.java,321,10,YES
1.0.85,1.0.86,src/main/assets/bounce.html,130,5,YES
1.0.85,1.0.86,build.sh,7,6,NO
1.0.85,1.0.86,src/main/AndroidManifest.xml,3,2,NO
1.0.86,1.0.87,src/main/java/com/carrpod/bounce/MainActivity.java,3,2,NO
1.0.86,1.0.87,src/main/assets/bounce.html,3,2,NO
1.0.86,1.0.87,build.sh,5,4,NO
1.0.86,1.0.87,src/main/AndroidManifest.xml,3,2,NO
1.0.87,1.0.90,src/main/java/com/carrpod/bounce/MainActivity.java,80,2,YES
1.0.87,1.0.90,src/main/assets/bounce.html,22,5,NO
1.0.87,1.0.90,build.sh,7,6,NO
1.0.87,1.0.90,src/main/AndroidManifest.xml,3,2,NO
1.0.90,1.0.91,src/main/java/com/carrpod/bounce/MainActivity.java,28,7,NO
1.0.90,1.0.91,src/main/assets/bounce.html,8,3,NO
1.0.90,1.0.91,build.sh,6,5,NO
1.0.90,1.0.91,src/main/AndroidManifest.xml,3,2,NO
