Version,Zip_Size_Bytes,APK_Size_Bytes,MainActivity_Lines,HTML_Lines,Build_sh_Lines,Anomaly_Flag
v1.0.91-dup,395479,230826,1416,770,109,NO
1.0.0,228114,185687,160,303,112,NO
1.0.1,226306,185687,160,330,112,NO
1.0.2,227786,185687,160,300,112,NO
1.0.3,243849,193879,314,331,112,NO
1.0.4,248943,193879,346,311,112,NO
1.0.5,255670,193879,413,323,112,NO
1.0.6,259143,197975,422,367,112,NO
1.0.7,259041,193879,422,367,112,NO
1.0.8,259589,197975,422,382,112,NO
1.0.9,261737,197975,430,400,112,NO
1.0.10,259897,197975,422,393,112,NO
1.0.11,260105,197975,422,396,112,NO
1.0.12,260368,197975,422,402,112,NO
1.0.13,263926,197975,444,402,112,NO
1.0.14,265248,197975,450,402,112,NO
1.0.15,269107,197975,481,402,112,NO
1.0.16,271180,197975,499,404,112,NO
1.0.17,272211,197975,519,417,112,NO
1.0.18,275114,197975,591,417,112,NO
1.0.19,274878,197975,591,408,112,NO
1.0.20,275063,197975,591,424,112,NO
1.0.21,276278,202071,591,445,112,NO
1.0.22,276520,202071,591,451,112,NO
1.0.23,276604,202071,593,450,112,NO
1.0.24,276882,202071,593,456,112,NO
1.0.25,281856,202071,639,461,112,NO
1.0.26,282096,202071,639,466,112,NO
1.0.27,282055,202071,639,467,112,NO
1.0.28,282863,202071,647,472,112,NO
1.0.29,282771,202071,647,470,112,NO
1.0.30,283460,202071,647,480,112,NO
1.0.31,283451,202071,647,480,112,NO
1.0.32,283446,202071,649,480,112,NO
1.0.33,284308,202071,649,496,112,NO
1.0.34,284368,202071,649,498,112,NO
1.0.35,282902,202071,649,462,112,NO
1.0.36,283224,202071,649,475,112,NO
1.0.37,283064,202071,649,468,112,NO
1.0.38,283431,202071,649,480,112,NO
1.0.39,283474,202071,650,480,112,NO
1.0.40,284056,202071,659,484,112,NO
1.0.41,283833,202071,659,480,112,NO
1.0.42,284012,202071,660,480,112,NO
1.0.43,284563,202071,666,480,112,NO
1.0.44,284698,202071,667,480,112,NO
1.0.45,284212,202071,662,480,112,NO
1.0.46,284120,202071,660,480,112,NO
1.0.47,284712,202071,664,480,112,NO
1.0.48,290303,206167,711,505,112,NO
1.0.49,291777,206167,711,549,112,NO
1.0.50,292048,206167,711,553,112,NO
1.0.51,291696,206167,711,524,112,NO
1.0.52,291723,206167,711,525,112,NO
1.0.53,291735,206167,711,525,112,NO
1.0.54,292067,206167,711,529,112,NO
1.0.55,291859,206167,711,549,112,NO
1.0.56,292137,206167,711,553,112,NO
1.0.57,292489,206167,711,559,112,NO
1.0.58,292481,206167,711,559,112,NO
1.0.59,292599,206167,711,559,112,NO
1.0.60,292271,206167,711,554,112,NO
1.0.61,292274,206167,711,554,112,NO
1.0.62,292428,206167,711,555,112,NO
1.0.63,293137,206167,718,555,112,NO
1.0.64,293393,206167,718,559,112,NO
1.0.65,294725,206167,732,559,112,NO
1.0.66,294747,206167,732,559,112,NO
1.0.67,293445,206167,719,559,112,NO
1.0.68,294094,206167,722,559,112,NO
1.0.69,293133,206167,718,555,112,NO
1.0.70,293160,206167,717,555,112,NO
1.0.71,293418,206167,718,559,112,NO
1.0.72,294210,206167,718,585,112,NO
1.0.73,294125,206167,718,583,112,NO
1.0.74,294142,206167,718,583,112,NO
1.0.75,294392,206167,718,587,112,NO
1.0.76,294370,206167,718,587,112,NO
1.0.77,45741,0,779,605,113,YES
1.0.78,300864,210263,779,623,113,NO
1.0.79,318723,210263,1005,626,113,NO
1.0.80,113062,0,1005,626,113,YES
1.0.81,14254,0,0,0,0,YES
1.0.82,156369,45649,1007,0,109,YES
1.0.83,219771,45649,1007,0,109,YES
1.0.84,366367,222551,1009,658,109,NO
1.0.85,362990,222634,1009,626,109,NO
1.0.86,387253,226730,1319,750,109,NO
1.0.87,609023,226730,1319,750,109,NO
1.0.90,837717,226730,1396,766,109,NO
1.0.91,395479,230826,1416,770,109,NO
