Android_Feature,First_Version,Last_Version,MainActivity_Lines,Key_Classes_Methods,Permissions_Required,Connects_To_HTML_Via,Worked_Well,Issues_Encountered,Solution_Found,Solution_Version,Best_Practice
Wi-Fi Scanning (WifiManager),1.0.3,1.0.91,WifiManager + BroadcastReceiver,startScan() + SCAN_RESULTS_AVAILABLE_ACTION,ACCESS_FINE_LOCATION + ACCESS_WIFI_STATE + NEARBY_WIFI_DEVICES (API33+),JS bridge: onWifiResult,Real dBm + distance + zone,API33 permission changes,Runtime permission handler,1.0.3,Delayed permission request with handler
Wi-Fi Direct Group Owner,1.0.13,1.0.91,WifiP2pManager + WifiP2pConfig.Builder,createGroup() + setDeviceName() + GROUP_OWNER_BAND_5GHZ,CHANGE_WIFI_STATE + ACCESS_WIFI_STATE,JS bridge: onBroadcastStatus,5GHz 4-slot rotating broadcast,Legacy API reflection,Priority: Builder → Reflection → Bonjour,1.0.14,Multi-method fallback
Bluetooth LE Scanning,1.0.48,1.0.91,BluetoothLeScanner + ScanCallback,startScan(LOW_LATENCY) + 5s restart cycle,BLUETOOTH_SCAN + BLUETOOTH_CONNECT (API31+),JS bridge: onBtResult + onBtResult3D,Continuous scanning + 3D positioning,Scan death after ~10s,Restart scan every 5s,1.0.65,5s restart cycle + LOW_LATENCY
GPS Tracking,1.0.4,1.0.91,LocationManager + GPS_PROVIDER,requestLocationUpdates(1000ms, 0.5m),ACCESS_FINE_LOCATION + ACCESS_COARSE_LOCATION + ACCESS_BACKGROUND_LOCATION (API29+),JS bridge: onLocationResult,Real mph + heading + altitude,Zero-fix when stationary,Speed > 1mph threshold,1.0.27,Speed threshold for trail
Sensor Fusion (Accel+Mag+Gyro),1.0.25,1.0.91,SensorManager + getRotationMatrix + getOrientation,TYPE_ACCELEROMETER + TYPE_MAGNETIC_FIELD + TYPE_GYROSCOPE,None (system sensors),JS bridge: onOrientationResult,Azimuth/pitch/roll + low-pass filter,Azimuth wrap-around 0/360,Alpha=0.15 low-pass + wrap handling,1.0.25,Low-pass filter α=0.15
Wake Lock (Background Trail),1.0.63,1.0.91,PowerManager + PARTIAL_WAKE_LOCK,acquire() + release(),WAKE_LOCK,JS bridge: trail recording,Background recording with screen off,Battery drain,Only acquire when trail active,1.0.63,Conditional wake lock
WebView + JavaScript Bridge,1.0.0,1.0.91,WebView + @JavascriptInterface,addJavascriptInterface(Bounce, "Bounce"),INTERNET,JS↔Android bidirectional,Stable bridge,HTML catch for JS errors,try/catch in HTML,1.0.52,HTML try/catch wrapper
Auto-Update System,1.0.91,1.0.91,GitHub API version check,onUpdateAvailable() + UI.showUpdateMenu(),INTERNET,JS bridge: Bounce.onUpdateAvailable(),Manual update button,Auto-check on startup removed,Manual trigger in v1.0.93,1.0.93,Manual update only
Debug Keystore Auto-Gen,1.0.0,1.0.91,keytool in build.sh,genkey -alias androiddebugkey,None,Build script,Auto-signs APK,Single debug keystore,Production needs release keystore,1.0.0,Separate release keystore
No-Gradle Build (aapt2),1.0.0,1.0.91,build.sh pipeline,aapt2 compile→link→javac→d8→zipalign→apksigner,None,Build script,4-second builds,SDK path management,Fixed SDK paths in build.sh,1.0.0,Fixed SDK paths per environment
RSSI Kalman Filter (1D),1.0.79,1.0.91,RssiKalmanFilter.java,q=0.005 r=25,None,JS bridge: filtered RSSI,Smooths RSSI noise,Parameter tuning,Fixed q/r values,1.0.79,Fixed params per environment
Trilateration (Weighted LS),1.0.81,1.0.91,Trilateration.java,3+ APs + GDOP calculation,None,JS bridge: position,Multi-AP positioning,AP positions unknown,Self-calibration needed,1.0.81,AP position learning pending
Extended Kalman Filter (2D CV),1.0.90,1.0.91,PositionEKF.java,[x,y,vx,vy] state + RSSI distance,None,JS bridge: EKF position,Velocity tracking,BUG: vy init x[2]=0 x[2]=0,Fixed: x[3]=0 for vy,1.0.92,ALWAYS verify array indices
Particle Filter (SIR, 200 particles),1.0.90,1.0.91,ParticleFilter.java,Gaussian Mixture likelihood,None,JS bridge: particle position,Non-Gaussian RSSI,AP params hardcoded,Adaptive learning needed,1.0.90,Parameter learning pending
Zone HMM (Viterbi),1.0.90,1.0.91,ZoneHMM.java,3 states + hysteresis transitions,None,JS bridge: zone classification,Zone stability,Hysteresis thresholds,Tuned transitions,1.0.90,Hysteresis prevents flutter
Wi-Fi RTT Ranging (802.11mc),1.0.81,1.0.91,WifiRttRanging.java,API28+ WifiRttManager stub,None,JS bridge: RTT distance,Not implemented,Stub only,Full implementation needed,-,P0-02 priority
Bluetooth 3D Spatial Tracking,1.0.86,1.0.91,MainActivity btKalmanStates + btTrajectories,RSSI Kalman + orientation + distance,BLUETOOTH_SCAN + BLUETOOTH_CONNECT,JS bridge: getTrajectory() + getAllDevices(),Full 3D + trajectories,Brightness decay tuning,0.98 decay + 1.5x re-energize,1.0.86,Visual signal strength
Trail Recording (GPS),1.0.49,1.0.91,MainActivity trailPoints + CatmullRom,Continuous + 2000pt cap + auto-save 60s,ACCESS_FINE_LOCATION + WAKE_LOCK,JS bridge: trail points,GPU-safe disposal,Memory leaks before v1.0.54,geometry.dispose() pattern,1.0.54,ALWAYS dispose Three.js objects
SSID Broadcast (4-Slot),1.0.22,1.0.91,refreshBroadcastSSID() + duty cycle,5.1s/slot + 5GHz + Bonjour fallback,CHANGE_WIFI_STATE + CHANGE_NETWORK_STATE,JS bridge: broadcastStatus,Vehicle identification,Slot timing drift,5.1s fixed cycle,1.0.20,Fixed duty cycle
FAA METAR Codes,1.0.64,1.0.91,Static code tables in HTML,Precip/Obscuration/Hazard/Modifiers/Wind/Sky,None,Legend panel,Reference data,None,Static tables,1.0.64,Static reference data
Runtime Permissions (API23+),1.0.3,1.0.91,checkSelfPermission + requestPermissions,PERM_REQ=1001 callback,All dangerous perms,JS bridge: permissionResult,Comprehensive handling,API33 NEARBY_WIFI_DEVICES,neverForLocation flag,1.0.45,Revert to proven v1.0.3 pattern