App Name,Category,Latest Version,Total Versions,Build System,Status,Primary Tech,Repository Location,Last Updated,Notes
Bounce,Vehicle Mesh Network,v1.0.95,95,No-Gradle aapt2,Active,"Three.js, WebView, Wi-Fi Direct, BLE, GPS",CSMApps/Bounce/,2026-08,"91 released versions + work-in-progress; EKF bug fixed in v1.0.92"
CarForge,Vehicle Configurator,v1.0.0,1,Unknown,Initial Release,Unknown,CSMApps/CarForge/,2026-08,"Single release zip only"
Marmalade,Three.js Visualization,v7c,13,Gradle/Mini Method,Active,"Three.js, WebView, Android Bridge",CSMApps/Marmalade/,2026-07,"Stages 1-3 + v7 variants; extensive build lessons documented"
Vertebrae,Kilo Session Manager,v1.0.0-planned,4,Gradle (planned),In Development,"Kotlin, WebSocket, Floating Window, Services",CSMApps/Vertebrae/,2026-08,"Incremental plan v0.1-v1.0; 7-stage roadmap; crashes on launch currently"
landolil,Particle Physics Visualization,v7b,13+,Gradle/No-Gradle,Active,"Three.js, Chart.js, Android Bridge, Microbe Icons",CSMApps/landolil/,2026-08,"v1-v7b variants; 34 particles; Camera Follow + Motion Sensor"
SubAtomic Prime Electron,Research Framework,N/A,360 Articles,Markdown/LaTeX,Complete,"Mathematical Physics, Holographic Universe",CSMWip/01_SubAtomic_Prime_Electron_Canonical/,2026-09,"360 articles complete; 84K line compendium; flagship docs"
CSM Cinema,Narrative Production,N/A,651 Parts,Screenplay/Markdown,Complete,"SOPP Personas, 7 Iterations",CSMCinema/WIP/,2026-08,"7 iterations × 121 parts = 651 total; 6 read-aloud versions"
NASA CLPS Cascade,Aerospace Program,N/A,14 Parts,Markdown/Technical,Complete,"LBFRP-001, AFP Fabrication, FAA",CSM_WORK_IN_PROGRESS/CLPS_Cascade/,2026-08,"3 phases; 15 contractor TIMs; $47.8M/$132.7M budget"
Legal Enactment,Legislative Framework,12 Acts,8/12 Complete,Legal Markdown,In Progress,"CIPA, DCMIA, ANEDA, CIMTCA, BTMA, CRIDA, WDGJA, ESGFA",LEGAL-ENACTMENT/,2026-09,"Acts 06,08,09,10 pending; $210B total authorization"
DeepResearch SubParticles V4,Physics Research,N/A,252 Docs,Markdown/LaTeX,Complete,"34 Particles × 14 Parts; One-Electron Universe",DeepResearch/SubParticlesV4/,2026-09,"V5.0 in progress (Photon 9/14 parts)"
Aegis Operations,Shielding System,N/A,Multiple,Technical/Markdown,Active,"LBFRP-001, MXene EMI, ZrB2-SiC",CSMBiz/CSMBiz00000000001/,2026-10,"148-165 dB SE; 1kHz-10GHz; Phoenix Protocol"