Version,Date,Key Features Added,Build Status,APK Size,Notes
v1.0.0,2026-01,Initial Android WebView app foundation; Three.js 3D scene; Basic SSID scanner; P2P broadcast via Wi-Fi Direct Bonjour; Tab-based HUD UI; Floating window service,Released,~200KB,Foundation release
v1.0.1,2026-01,SSID broadcast toggle button,Released,~200KB,
v1.0.2,2026-01,Live SSID scanner with dynamic updates; Static RF cloud visualization; Dynamic broadcast; Fixed 3D render + button layouts,Released,~200KB,
v1.0.3,2026-02,Real Android Wi-Fi scanning via WifiManager; Runtime permission handling; Restored working 3D + menus after refactor,Released,~200KB,
v1.0.4,2026-02,GPS tracking integration; Status bar fix for immersive mode; Tab-tuck responsive behavior; Fixed .pointer-events-auto CSS utility class,Released,~200KB,
v1.0.5,2026-02,Real SSID broadcast via Wi-Fi Direct Bonjour; Custom SSID name support via WifiP2pConfig.Builder,Released,~200KB,
v1.0.6,2026-02,Momentum-based camera movement; Scan pulse animation; Proximity-based highlighting; P2P device name display,Released,~200KB,
v1.0.7,2026-02,Vertical tab labels without rotation; Fixed tab rendering on portrait phone,Released,~200KB,
v1.0.8,2026-02,POV (point-of-view) mode; Persistent SSID nodes in 3D scene,Released,~200KB,
v1.0.9,2026-02,Infinite FLY tour of real SSIDs; P2P discoverable fix,Released,~200KB,
v1.0.10,2026-02,Fly-only feature on v1.0.8 base,Released,~200KB,
v1.0.11,2026-02,Spring physics fly with billiard-ball bounce,Released,~200KB,
v1.0.12,2026-02,Fly speed control (+/− buttons),Released,~200KB,
v1.0.13,2026-03,Broadcast via Wi-Fi Direct Group Owner (visible SSID),Released,~200KB,
v1.0.14,2026-03,Custom Wi-Fi Direct SSID name,Released,~200KB,
v1.0.15,2026-03,WifiP2pConfig.Builder for custom SSID (from research),Released,~200KB,
v1.0.16,2026-03,Removed double-TA prefix; Added SSID cycling,Released,~200KB,
v1.0.17,2026-03,Crash-proof SSID transition; Removed DIRECT- prefix,Released,~200KB,
v1.0.18,2026-03,Defensive broadcast with preflight checks; Timeout handling for broadcast failures,Released,~200KB,
v1.0.19,2026-03,Removed SSID cycling; Single stable broadcast,Released,~200KB,
v1.0.20,2026-04,Duty-cycle SSID broadcast (5s ON, 2.5s OFF),Released,~200KB,
v1.0.21,2026-04,3-code alternating broadcast; License plate display,Released,~200KB,
v1.0.22,2026-04,4th human-readable slot; 3-digit originator key,Released,~200KB,
v1.0.23,2026-04,3 broadcast slots; Half-speed cycle; 5GHz band support,Released,~200KB,
v1.0.24,2026-04,GPS position in panel; Abbreviated GPS in TAF broadcast,Released,~200KB,
v1.0.25,2026-05,Magnetometer + accelerometer sensor fusion for heading; Improved compass accuracy,Released,~200KB,
v1.0.26,2026-05,Internal improvements,Released,~200KB,
v1.0.27,2026-05,Real GPS mph (zero-fix when stationary),Released,~200KB,
v1.0.28,2026-05,POV zoomed out 5×,Released,~200KB,
v1.0.29,2026-05,Timing info moved to header; Center popup removed,Released,~200KB,
v1.0.30,2026-06,Real Wi-Fi scanner with dBm + distance,Released,~200KB,
v1.0.31,2026-06,Internal improvements,Released,~200KB,
v1.0.32,2026-06,Internal improvements,Released,~200KB,
v1.0.33,2026-06,Internal improvements,Released,~200KB,
v1.0.34,2026-06,Repositioned Wi-Fi panel to full-width bottom bar,Released,~200KB,
v1.0.35,2026-06,Removed simulated scanner, real data only,Released,~200KB,
v1.0.36,2026-06,Internal improvements,Released,~200KB,
v1.0.37,2026-06,Compacted right panel; Legend shrunk,Released,~200KB,
v1.0.38,2026-06,SCAN pullout panel above BEACONS,Released,~200KB,
v1.0.39,2026-06,Internal improvements,Released,~200KB,
v1.0.40,2026-07,Additional UI refinements,Released,~200KB,
v1.0.41,2026-07,Internal improvements,Released,~200KB,
v1.0.42,2026-07,Additional UI refinements,Released,~200KB,
v1.0.43,2026-07,Internal improvements,Released,~200KB,
v1.0.44,2026-07,Internal improvements,Released,~200KB,
v1.0.45,2026-07,Reverted to proven v1.0.3 permission pattern,Released,~200KB,
v1.0.46,2026-07,Delayed permission request with post handler,Released,~200KB,
v1.0.47,2026-07,Internal improvements,Released,~200KB,
v1.0.48,2026-07,Bluetooth LE scanning (BT tab panel),Released,~200KB,
v1.0.49,2026-07,BT 3D dots, TRAIL button, SAVE export,Released,~200KB,
v1.0.50,2026-07,BT pulse glow, POV zoom buttons, default plate,Released,~200KB,
v1.0.51,2026-07,All features from v1.0.49 + v1.0.50 on v1.0.48 base,Released,~200KB,
v1.0.52,2026-07,Crash-proof: try/catch on injectJs; Slower scan interval; HTML catch for JS errors,Released,~200KB,
v1.0.53,2026-07,Additional stability fixes,Released,~200KB,
v1.0.54,2026-07,Trail decimation prevents crash (GPU fix),Released,~200KB,
v1.0.55,2026-07,POV zoom buttons; BT pulse on v1.0.55 base,Released,~200KB,
v1.0.56,2026-07,Trail only records when moving (speed > 1 mph),Released,~200KB,
v1.0.57,2026-07,Auto-save trail every 60s,Released,~200KB,
v1.0.58,2026-07,Trail optimization,Released,~200KB,
v1.0.59,2026-07,Additional scanning improvements,Released,~200KB,
v1.0.60,2026-07,Clean v1.0.55 base + all fixes via Python,Released,~200KB,
v1.0.61,2026-07,Continuous thicker trail,Released,~200KB,
v1.0.62,2026-07,CatmullRom smooth trail curves,Released,~200KB,
v1.0.63,2026-07,Wake lock for background trail recording,Released,~200KB,
v1.0.64,2026-07,FAA METAR code table + 4th broadcast slot,Released,~200KB,
v1.0.65,2026-08,Restart BLE scan every 10s to keep alive,Released,~200KB,
v1.0.66,2026-08,Simplified BT handler; No 3D dots; try/catch safe,Released,~200KB,
v1.0.67,2026-08,Additional BT improvements,Released,~200KB,
v1.0.68,2026-08,Additional BT improvements,Released,~200KB,
v1.0.69,2026-08,Additional BT improvements,Released,~200KB,
v1.0.70,2026-08,Additional BT improvements,Released,~200KB,
v1.0.71,2026-08,v1.0.63 base + FAA codes + Classic BT + BT permissions,Released,~200KB,
v1.0.72,2026-08,Screen lock with dual-button unlock,Released,~200KB,
v1.0.73,2026-08,Additional UI improvements,Released,~200KB,
v1.0.74,2026-08,Additional UI improvements,Released,~200KB,
v1.0.75,2026-08,BT dots fade in; Ring outline; No random drift,Released,~200KB,
v1.0.76,2026-08,Additional BT improvements,Released,~200KB,
v1.0.77,2026-08,Additional BT improvements,Released,~200KB,
v1.0.78,2026-08,Additional BT improvements,Released,~200KB,
v1.0.79,2026-08,Kalman-filtered RSSI; Log-distance path loss model; Three-zone proximity,Released,~200KB,
v1.0.80,2026-08,Major stability improvements; BT 3D spatial foundation,Released,~200KB,
v1.0.81,2026-08,Advanced positioning modules; Wi-Fi RTT ranging support,Released,~200KB,
v1.0.82,2026-08,MainActivity restructuring; Wi-Fi triangulation with permissions,Released,~200KB,
v1.0.83,2026-08,Wi-Fi scan window UI,Released,~200KB,
v1.0.84,2026-08,Fixed JS syntax error in bounce.html; Wi-Fi scan window UI working,Released,~200KB,
v1.0.85,2026-08,Hardware acceleration fix; Full assets from v1.0.80,Released,~200KB,
v1.0.86,2026-08,Bluetooth 3D Spatial RSSI Tracking; Full 3D BT spatial positioning; Kalman filter for RSSI; Sensor fusion; Device brightness re-energizing; Trajectory tracking; Theory Mode; Periodic BT scan restart; BT debug logging; BT status display; Dual callback; 3 @JavascriptInterface methods; Volatile phone orientation; Low-pass filter,Released,~200KB,Major BT 3D feature
v1.0.87,2026-08,Theory mode refinement; Version string updates; Build script updates,Released,~200KB,
v1.0.88,2026-08,Internal improvements,Released,~200KB,
v1.0.89,2026-08,Internal improvements,Released,~200KB,
v1.0.90,2026-08,Advanced positioning algorithms; Wi-Fi RTT ranging; Particle filter; EKF for 2D position; Zone HMM; Trilateration; Per-BSSID Kalman; Broadcast SSID refresh; P2P broadcast; Bonjour DNS-SD; GPS altitude; Wi-Fi scan with zone classification,Released,~200KB,6-algorithm positioning stack
v1.0.91,2026-08,In-app update mechanism via WebView bridge; Update menu UI with pullout panel; Version check against GitHub Releases; Bounce.onUpdateAvailable(); UI.showUpdateMenu(); Manual update button,Released,~200KB,Current stable
v1.0.92,2026-08,EKF Bug Fix: vy initialization (P0-01) - PositionEKF.java line 38 fixed,Built in v92/,230KB,Pre-built APK available
v1.0.93,2026-08,Restored full update menu (Update, Download APK, Ignore); Removed auto-check on startup; Panel width 320px; Pullout toggle fixed; downloadOnly() and ignoreUpdate() restored,Work-in-progress,~200KB,
v1.0.94,2026-08,Same menu changes as v1.0.93; Built on v1.0.91 base instead of v1.0.93,Work-in-progress,~200KB,
v1.0.95,2026-08,Clean baseline identical to v1.0.91; No menu changes; Stable base for v1.0.96 development,Work-in-progress,~200KB,Current WIP base